Acclavio,Matteo,macclavio@gmail.com
Amrane,Amazigh,amazigh.amrane@epita.fr
Aristote,Quentin,quentin.aristote@irif.fr
Basold,Henning,h.basold@liacs.leidenuniv.nl
Bazille,Hugo,hugo1.bazille@epita.fr
Bedon,Nicolas,nicolas.bedon@univ-rouen.fr
Bellier,Dylan,dylan.bellier@irisa.fr
Bojanczyk,Mikołaj,bojan@mimuw.edu.pl
Bonsangue,Marcello,m.m.bonsangue@liacs.leidenuniv.nl
Brunet,Paul,paul.brunet@u-pec.fr
Calk,Cameron,cameron.calk@gmail.com
Chanavat,Clémence,clemence.chanavat@gmail.com
Chevalier,Yannick,Yannick.Chevalier@irit.fr
Choffrut,Christian,cc@irif.fr
Clement,Emily,emily.clement.cs@gmail.com
Colcombet,Thomas,colcombe@irif.fr
Cranch,James,j.d.cranch@sheffield.ac.uk
DalZilio,Silvano,dalzilio@laas.fr
Dambreville,Frédéric,frederic.dambreville@onera.fr
Daviaud,Laure,l.daviaud@uea.ac.uk
Delporte,Carole,cd@irif.fr
Diekert,Volker,diekert@fmi.uni-stuttgart.de
Douteau,Sylvain,sylvain.douteau@gmail.com
Droste,Manfred,droste@informatik.uni-leipzig.de
Dubut,Jérémy,dubutjeremy@gmail.com
Dziadek,Sven,sven.dziadek@inria.fr
Earnshaw,Matt,matt@earnshaw.org.uk
Edixhoven,Luc,l.j.edixhoven@liacs.leidenuniv.nl
Erlich,Enzo,enzo.erlich@ens-rennes.fr
Fahrenberg,Uli,uli@lrde.epita.fr
Fajstrup,Lisbeth,fajstrup@math.aau.dk
Faustino,Caterina,id10307@alunos.uminho.pt
Fortin,Marie,marie.fortin@irif.fr
Fraigniaud,Pierre,pierre.fraigniaud@irif.fr
Gajda,Michał,mjgajda@gmail.com
Gastin,Paul,gastin@lmf.cnrs.fr
Guiraud,Yves,yves.guiraud@imj-prg.fr
Goubault,Éric,goubault@lix.polytechnique.fr
Goubault-Larrecq,Jean,goubault@lsv.ens-cachan.fr
Haar,Stefan,stefan.haar@inria.fr
Haddad,Serge,shaddad@lmf.cnrs.fr
Hadzihasanovic,Amar,amar.hadzihasanovic@taltech.ee
Haucourt,Emmanuel,emmanuel.haucourt@polytechnique.edu
Hélouët,Loïc,loic.helouet@inria.fr
Herbelin,Hugo,Hugo.Herbelin@inria.fr
Horne,Ross,Ross.horne@gmail.com
Janicki,Ryszard,janicki@mcmaster.ca
Johansen,Christian,christian@johansenresearch.info
Kahl,Thomas,kahl@math.uminho.pt
Kappé,Tobias,tobias.kappe@gmail.com
Kleijn,Jetty,h.c.m.kleijn@liacs.leidenuniv.nl
Kniazev,Roman,roman@kameronton.com
König,Barbara,barbara_koenig@uni-due.de
Koutny,Maciej,maciej.koutny@newcastle.ac.uk
Kuske,Dietrich,dietrich.kuske@tu-ilmenau.de
Ledent,Jérémy,jeremy.ledent@irif.fr
Marchand,Hervé,herve.marchand@inria.fr,
Markey,Nicolas,nicolas.markey@irisa.fr
Mauw,Sjouke,sjouke.mauw@uni.lu
Melliès,Paul-André,mellies@irif.fr
Métayer,François,metayer@irif.fr
Michel,Max,michelmx@gmail.com
Mikulski,Łukasz,lukasz.mikulski@mat.umk.pl
Mimram,Samuel,samuel.mimram@lix.polytechnique.fr
Moreau,Vincent,moreau@irif.fr
Nguyen,Tito,nltd@nguyentito.eu
Petrişan,Daniela,petrisan@irif.fr
Pin,Jean-Eric,jean-eric.pin@irif.fr
Pinchinat,Sophie,sophie.pinchinat@irisa.fr
Puca,Caterina,caterina.puca@quantinuum.com
Rajsbaum,Sergio,sergio.rajsbaum@gmail.com
Raussen,Martin,raussen@math.aau.dk
Regaud,Gaëtan,gaetan.regaud@ens-rennes.fr
Rot,Jurriaan,jrot@cs.ru.nl
Sobocinski,Pawel,sobocinski@gmail.com
Stan,Daniel,daniel.stan@epita.fr
Strassburger,Lutz,lutz@lix.polytechnique.fr
Struth,Georg,g.struth@sheffield.ac.uk
Thébault,Antoine,antoine.thebault@inria.fr
vanGlabbeek,Rob,rvg@cs.stanford.edu
vanGool,Sam,vangool@irif.fr
Wang,Zhongye,zhongye.wang@yale.edu
You,Peixin,peixin.you@yale.edu
Zeilberger,Noam,noam.zeilberger@polytechnique.edu
Ziemiański,Krzysztof,ziemians@mimuw.edu.pl
Zouari,Safa,safa.zouari@ntnu.no
